word,corpus_freq,cooc_with_core,p_w,p_w_given_core,pmi,lift
甘味,4332,3327,0.01342656302302228,0.048101668449816386,1.2760818037027015,3.5825749573690113
淡い,2829,2159,0.008768177929854577,0.031214758696469364,1.269761995018346,3.5600051625534324
甘辛,2897,2149,0.00897893653686416,0.031070178989677007,1.241367034678266,3.4603406385727813
刺激,3759,2642,0.011650611819838584,0.03819795853454009,1.1874233773231986,3.2786225414786254
渋み,7769,5345,0.024079170850844895,0.07727785328051355,1.166060224313831,3.209323683078648
ヨーグルト,2136,1408,0.006620299773124558,0.02035682271636353,1.1232754724430085,3.074909507723968
柑橘,5292,3338,0.016401978651392868,0.04826070612728797,1.07921571479204,2.9423709878557633
ビター,2306,1343,0.007147196290648516,0.019417054622213225,0.9994316314993393,2.716737281669282
フィニッシュ,2207,1250,0.0068403565539728,0.01807246334904433,0.9715495598447165,2.642035280828753
グレープフルーツ,2887,1635,0.008947942624068632,0.023638782060549982,0.9714650394735249,2.641811984462795
程良い,10823,6084,0.033544711818598826,0.08796229361246856,0.9640290108891433,2.6222402531923965
強め,8859,4959,0.027457507345557332,0.07169707659832866,0.9598103518822076,2.6112012170663905
穏やか,12890,6975,0.03995115359343425,0.10084434548766735,0.9259206465614395,2.524191078783782
後口,5213,2798,0.016157126740308204,0.040453401960500825,0.9177895062624266,2.503749745279844
余韻,18146,9595,0.05624155415876322,0.13872422866726428,0.9028321145173323,2.4665788622352482
適度,2391,1254,0.0074106445494104955,0.01813029523176127,0.8946668895396475,2.4465206920771156
苦味,37156,19314,0.11516098238305997,0.27924124569875375,0.8857450918245579,2.4247904100879722
林檎,10131,5142,0.03139993305314836,0.07434288523262875,0.8618822145772637,2.3676128578616398
辛み,12231,6039,0.037908654740209026,0.08731168493190296,0.8343048586256442,2.303212433420726
葡萄,3697,1808,0.011458449560506316,0.026140010988057717,0.8247397178205961,2.2812869097189328
アタック,2748,1343,0.008517127236210809,0.019417054622213225,0.8240726789861036,2.279765710163524
ボディー,3160,1536,0.009794076443386519,0.02220744296330567,0.8186497429317657,2.2674361479280996
絶妙,3193,1539,0.009896356355611757,0.022250816875343377,0.8102120769292034,2.2483847666546475
甘み,57262,27420,0.17747734344974647,0.3964375560246364,0.8036755824825011,2.233736139604149
心地良い,6439,3039,0.019956980449039808,0.04393777289419657,0.7891954011837157,2.2016242891248887
主張,4149,1954,0.012859374418864136,0.028250874707226092,0.7870513480749662,2.1969089465023512
チーズ,2436,1144,0.007550117156990367,0.016539918457045368,0.7842136789150616,2.190683682534871
果実,8030,3749,0.02488811197480815,0.05420293207645375,0.7783447456002107,2.1778643607565806
全体,5100,2371,0.015806895525718748,0.03427984848046728,0.7741114031580945,2.1686642025748797
控えめ,11689,5430,0.03622878466669146,0.07850678078824856,0.773331041125317,2.166972519517809
柔らか,5153,2386,0.01597116326353504,0.034496718040655815,0.7700793901347432,2.1599377247252773
強い,20607,9524,0.06386915609774241,0.13769771274903855,0.7682242405298683,2.1559344316106563
仄か,7938,3654,0.024602967977089298,0.05282942486192638,0.7642012394000475,2.147278527985812
口当たり,20582,9455,0.06379167131575358,0.1367001127721713,0.7621669305016271,2.1429147403199127
バランス,22744,10435,0.07049255526214651,0.15086892403782204,0.7609043019855715,2.1402107424929238
殆ど,3028,1389,0.009384956794485562,0.020082121273458056,0.7607218640021104,2.139820322375694
後半,3160,1444,0.009794076443386519,0.020877309660816006,0.7568851486769198,2.1316261703178228
軽め,3171,1449,0.009828169747461599,0.020949599514212186,0.7568668035874412,2.131587065803682
甘酸っぱい,5765,2629,0.01786799072662129,0.03801000491571003,0.7548385278318278,2.1272680010449863
爽快,1969,896,0.006102701429439258,0.012954341728594974,0.752699470140911,2.122722515327982
バナナ,5068,2303,0.01570771500477306,0.03329670647427927,0.7513064941847617,2.1197676723929284
当て,6292,2856,0.01950136993094556,0.04129196425989648,0.7501831950864127,2.117387876139549
生酛,6797,3072,0.021066562527119675,0.04441488592661134,0.7458876127260307,2.10831196923725
爽やか,18571,8326,0.057558795452573114,0.12037706387531447,0.7378220603669738,2.0913756608145473
程度,2350,1051,0.0072835695069488355,0.015195327183876471,0.7353668995438525,2.0862472952828255
マスカット,4767,2130,0.014774798229627701,0.030795477546771536,0.7344449393037512,2.084324744619374
複雑,3183,1422,0.00986536244281623,0.020559234305872826,0.7342803188861995,2.0839816504505286
光栄,2191,974,0.006790766293499956,0.014082063441575341,0.7293380998521748,2.0737075659715356
軽快,3128,1386,0.009694895922440832,0.02003874736142035,0.7260682138897531,2.06693785283827
少ない,4950,2156,0.015341986833785844,0.03117138478443166,0.7089072122712579,2.0317697519976097
発酵,2106,912,0.006527318034737977,0.013185669259462742,0.7031344331855166,2.020074583357121
ワイン,6028,2610,0.01868313063314365,0.03773530347280456,0.7029750763754592,2.0197526963635624
比較,2448,1056,0.007587309852345,0.01526761703727265,0.6992569564390962,2.0122569572605378
軽やか,4437,1910,0.013751999107375311,0.027614723997339732,0.6971649054668722,2.0080516135672033
フルーツ,3872,1663,0.01200084303442804,0.024043605239568572,0.694892166601566,2.003493018831447
最後,9868,4234,0.030584793146626002,0.06121504785588295,0.6938901098506693,2.0014864106620895
特徴,6014,2565,0.01863973915522991,0.03708469479223896,0.6879085298615019,1.989550094204714
とろみ,1954,833,0.006056210560245968,0.01204348957580314,0.6874399453692207,1.9886180402740166
単体,3300,1403,0.010227991222523896,0.020284532862967355,0.6847304684529956,1.9832372184967393
濃い,8019,3405,0.02485401867073307,0.04922939016279675,0.6834713495816902,1.9807416585216855
膨よか,3994,1694,0.012378968770533468,0.024491802330624875,0.6823394970413453,1.9785010193195123
若い,2319,980,0.007187488377282701,0.014168811265650753,0.6787013702141921,1.9713160595060897
軽い,12891,5428,0.0399542529847138,0.0784778648468901,0.6750814843167612,1.9641930203754565
感想,3892,1635,0.012062830860019092,0.023638782060549982,0.6727597758305642,1.9596380265015643
小町,1917,805,0.005941533082902518,0.011638666396784547,0.672365670178025,1.9588658742431682
円やか,10590,4436,0.03282255365046305,0.0641355579330885,0.6698830456799115,1.9540087775036268
クラシック,2585,1079,0.008011926457643719,0.015600150362895065,0.6663493141207112,1.9471160207682456
温度,6580,2743,0.020393994619456738,0.03965821357314287,0.6650576024233464,1.9446025319290439
滑らか,4940,2046,0.015310992920990318,0.029581008009715755,0.6585614721347097,1.9320110826491357
スペック,4330,1789,0.013420364240463173,0.025865309545152242,0.6561293983172897,1.927317998357067
メロン,9102,3756,0.02821065942648864,0.0543041378712084,0.6549005275566724,1.9249510282705078
モダン,3162,1300,0.009800275225945624,0.018795361883006102,0.651199661485317,1.9178402085327708
透明,5073,2083,0.015723211961170828,0.030115952924847467,0.6499169394993879,1.9153817298412152
若干,6202,2545,0.01922242471578582,0.03679553537865425,0.6492989651293348,1.914198438682767
キン,4662,1908,0.014449362145274668,0.02758580805598126,0.6466511682176355,1.909136734108541
シャープ,2253,920,0.006982928552832224,0.013301333024896625,0.6443958654159476,1.9048359043429857
冷酒,3801,1550,0.011780786253579797,0.022409854552814967,0.6430308767291496,1.9022375986157412
仕込み,3539,1441,0.01096874573833699,0.0208339357487783,0.6415332514591648,1.8993908917007138
心地,3258,1315,0.010097816788782682,0.019012231443194635,0.6327632912549808,1.882806139275043
作り,3610,1451,0.011188802519185232,0.020978515455570657,0.6285853373623673,1.8749562716474069
温燗,3758,1502,0.01164751242855903,0.021715871960211665,0.6229507881557755,1.8644214456441013
旨み,58122,23167,0.1801428199501618,0.33494780672584795,0.6202247384211352,1.8593458613477596
変化,4850,1925,0.015032047705830574,0.027831593557528265,0.6159873985954618,1.8514838498505464
個性,3049,1210,0.009450044011356169,0.01749414452187491,0.6158468274076382,1.8512236028585796
力強い,2253,891,0.006982928552832224,0.012882051875198797,0.6123666228436709,1.8447921638800002
アツシ,3831,1514,0.011873767991966377,0.02188936760836249,0.6116694251018512,1.84350642720765
独特,3436,1354,0.010649508436543062,0.019576092299684815,0.6087953061731803,1.838215577397994
長い,2616,1030,0.008108007587309852,0.014891709799612527,0.6079525044516982,1.8366669788173486
近い,3638,1430,0.011275585475012707,0.02067489807130671,0.6062804999809915,1.833598629279462
因み,2004,786,0.006211180124223602,0.011363964953879074,0.6040964660295572,1.829598357574531
冷や酒,2666,1045,0.008262977151287487,0.015108579359801057,0.6034777994653635,1.8284667963104473
パイナップル,3782,1474,0.011721897819268296,0.02131104878119307,0.5977669593359852,1.8180544746058322
気持ち,2671,1037,0.00827847410768525,0.014992915594367174,0.5939191309246725,1.8110723545597165
見応え,2070,803,0.00641573994867408,0.011609750455426076,0.5930909634924529,1.8095731043190777
特有,2165,835,0.006710182120231586,0.012072405517161612,0.5872962202193714,1.799117416018056
アップ,1799,693,0.0055758049119152995,0.010019373680710176,0.5860839010444764,1.7969376330400524
瑞々しい,3102,1194,0.009614311749172462,0.01726281699100714,0.5853020860211693,1.795533309234851
優しい,11801,4534,0.036575916490001366,0.06555243905965359,0.5834604142468317,1.7922295693553827
面白い,4027,1544,0.012481248682758706,0.022323106728739554,0.5813949055383735,1.78853152405946
風味,6118,2344,0.018962075848303395,0.03388948327212792,0.5806637617911604,1.787224328351167
全て,2565,982,0.007949938632052666,0.014197727207009224,0.579917686554702,1.7858914218238924
柔らかい,5787,2213,0.01793617733477145,0.031995489113148076,0.5787751742823168,1.7838521841061945
シガ,1855,708,0.005749370823570251,0.010236243240898708,0.5768442544572903,1.7804110319226536
相性,3779,1441,0.011712599645429637,0.0208339357487783,0.5759180284551393,1.778762732397149
フレッシュ,17014,6483,0.05273304323030957,0.09373102391348351,0.5751869674442721,1.77746282353015
酒質,2327,883,0.007212283507519123,0.012766388109764914,0.5710301731067745,1.7700896112105677
仕事,2019,764,0.006257670993416893,0.011045889598935894,0.5682503066587891,1.7651758314804717
芳醇,6593,2494,0.020434286706090925,0.03605817887401325,0.5679195029317882,1.7645920013085286
自然,2771,1046,0.00858841323564052,0.015123037330480293,0.5658052355669958,1.7608651232246422
クリア,3768,1422,0.011678506341354557,0.020559234305872826,0.5655601104720387,1.7604335438917285
ゲット,1939,729,0.006009719691052677,0.010539860625162652,0.5617862125711125,1.753802367996379
新しい,1897,709,0.005879545257311464,0.010250701211577944,0.5558666924022195,1.7434513662142088
奇麗,16860,6297,0.05225573697325845,0.0910418413671457,0.5551695127380022,1.742236290988218
ガス,11384,4240,0.03528347032642789,0.06130179567995836,0.5523945442614212,1.737408342003205
テースト,4155,1542,0.01287797076654145,0.022294190787381082,0.5488079826388322,1.7311881810839427
ジューシー,10165,3760,0.03150531235665315,0.05436196975392534,0.5455086461265993,1.7254858208839634
パイン,1898,702,0.005882644648591017,0.010149495416823294,0.5454175606610439,1.7253286613622416
暑い,2527,927,0.007832161763429662,0.013402538819651274,0.5372055939827671,1.7112183359428437
上品,8097,2958,0.02509577119053818,0.042766677269178495,0.5330598773897367,1.7041387947186397
レビュー,7511,2741,0.023279527900720298,0.0396292976317844,0.5319943404218802,1.7023239389042002
箇月,2157,787,0.006685386989995165,0.01137842292455831,0.5317947378333531,1.7019841845485357
みたい,8622,3132,0.026722951612303345,0.04528236416736547,0.5273948376087197,1.6945120742769035
表現,2698,979,0.008362157672233174,0.014154353294971517,0.5263057415679151,1.692667592476942
印象,16133,5843,0.05000247951302364,0.08447792267877281,0.5244176356933993,1.6894746720864053
味わい,46158,16691,0.14306170268159332,0.24131798860711912,0.5228394940965341,1.6868105445676882
販売,3248,1161,0.010066822875987156,0.01678570395859237,0.511282416221429,1.667428161334999
以降,2241,799,0.006945735857477591,0.011551918572709135,0.5087236077704538,1.6631669861549156
華やか,13081,4653,0.04054313732782881,0.06727293757048261,0.5063915129615276,1.6592928422514175
ドライ,7643,2717,0.023688647549621255,0.03928230633548275,0.5057782699885697,1.6582756045146534
最初,5226,1854,0.016197418826942388,0.02680507763930255,0.5037394358503489,1.6548980998574687
濃厚,7959,2821,0.024668055193959905,0.04078593528612324,0.5028282040012532,1.6533907908601517
雑味,5495,1940,0.017031155081142065,0.028048463117716797,0.49888952102475814,1.6468914165882835
前回,2345,825,0.007268072550551072,0.011927825810369257,0.49538284125940735,1.641126409706089
先日,2482,872,0.007692689155849791,0.012607350432293322,0.49400959394953314,1.6388742839955064
シュワ,4888,1715,0.015149824574453578,0.024795419714888817,0.492669994553715,1.6366803188401364
醸酒,1987,697,0.006158490472471206,0.010077205563427118,0.4924443040138133,1.6363109772553495
ジュース,2592,909,0.008033622196600587,0.013142295347425035,0.4922001725104196,1.635911550954708
匂い,2023,706,0.006270068558535104,0.010207327299540237,0.48731853613060266,1.6279450861259812
薄い,4923,1718,0.015258303269237921,0.024838793626926526,0.4872828585911063,1.6278870060869557
素晴らしい,6429,2240,0.01992598653624428,0.03238585432148744,0.4856969965125051,1.6253074477682368
時期,2790,972,0.008647301669952022,0.01405314750021687,0.4855990654501338,1.6251482874766923
重い,4025,1402,0.0124750499001996,0.020270074892288117,0.4854150135469777,1.6248492033658155
不思議,2346,817,0.007271171941830625,0.011812162044935372,0.4852122014516881,1.624519697709347
早い,2529,880,0.007838360545988767,0.012723014197727207,0.4843827966073932,1.6231728718115845
豊か,2145,744,0.006648194294640533,0.010756730185351185,0.4811863392760807,1.6179927524113975
瞬間,3515,1217,0.010894360347627726,0.01759535031662956,0.47938942454786804,1.6150879680109893
明日,2669,924,0.008272275325126146,0.013359164907613567,0.47929305804226613,1.6149323351262914
個人,8384,2899,0.0259852964877698,0.041913656999103606,0.47808085816593826,1.61297590038392
楽しみ,4679,1615,0.014502051797027064,0.023349622646965273,0.4762906805956468,1.610090970144788
後味,18119,6245,0.056157870594215294,0.09029002689182547,0.4748601679286768,1.607789361249856
多い,4479,1541,0.013882173541116524,0.02227973281670185,0.4730718849179219,1.604916748138413
大人,2003,689,0.00620808073294405,0.009961541797993233,0.47288007115294634,1.6046089325370587
切れ,19676,6767,0.060983622816478844,0.09783708758638637,0.47269837412210114,1.604317406343873
甘い,58606,20120,0.1816429253294653,0.2908943700662175,0.4709174006165832,1.6014627023793584
炭酸,6500,2223,0.020146043317092525,0.032140068819940436,0.4670955938855742,1.5953539022062864
確か,3937,1345,0.012202303467598964,0.019445970563571696,0.46601513689730795,1.5936311217965522
甘口,5518,1879,0.017102441080571774,0.027166526906283434,0.4627643804413401,1.588459026304986
ブランド,1814,616,0.00562229578110859,0.008906109938409046,0.4599974686635441,1.5840699751753298
フルーティー,30206,10210,0.09362021299016873,0.14761588063499406,0.45536718783753033,1.5767522409983785
くどい,2392,808,0.007413743940690049,0.011682040308822254,0.45471707925567906,1.575727513963063
ぴったり,3133,1058,0.009710392878838596,0.015296532978631119,0.45442945727115913,1.575274365259323
商品,2249,759,0.006970530987714013,0.010973599745539716,0.4538009612414202,1.5742846226322436
熱燗,3799,1280,0.01177458747102069,0.018506202469421393,0.4521623395311435,1.5717070780584355
週間,1887,633,0.005848551344515937,0.009151895439956047,0.447767012580732,1.5648140711866343
淡麗,6745,2259,0.020905394180582935,0.03266055576439291,0.44616088363125306,1.5623027952626813
飲み口,9870,3299,0.03059099192918511,0.04769684527079779,0.4441596746061601,1.5591794271075259
一緒,4593,1532,0.014235504146985533,0.02214961108058873,0.44208080177984926,1.5559414581940931
レベル,2739,913,0.008489232714694834,0.013200127230141977,0.44142784713699634,1.5549258306104154
所為,2496,832,0.007736080633763529,0.012029031605123905,0.44142784713699634,1.5549258306104154
イメージ,6220,2072,0.019278213758817768,0.029956915247375877,0.44078455345125456,1.553925878307772
有り,6714,2236,0.0208093130509168,0.0323280224387705,0.44053379254011565,1.5535362632908352
昨年,3270,1086,0.010135009484137316,0.015701356157649712,0.4377513724076877,1.549219680773313
喉越し,3193,1056,0.009896356355611757,0.01526761703727265,0.4335674073565309,1.542751340862448
想像,2829,933,0.008768177929854577,0.013489286643726686,0.43076676535088265,1.538436691367463
ラムネ,2028,668,0.006285565514932867,0.009657924413729289,0.4295229446306781,1.5365243414907657
深い,3975,1308,0.012320080336221966,0.018911025648439984,0.4285146407338178,1.5349758388214516
無し,7283,2395,0.022572866688982285,0.03462683977676893,0.4278805014322065,1.5340027588817569
ピンク,1700,559,0.005268965175239583,0.008082005609692624,0.42780607891589795,1.5338885987845101
意外,3790,1246,0.011746692949504717,0.018014631466327386,0.4276125370760324,1.5335917558896393
熟成,9428,3098,0.029221060983622815,0.04479079316427146,0.4271128927258983,1.5328256968278746
楽しい,2933,962,0.009090514622928057,0.013908567793424515,0.4252735174933616,1.5300088466217727
商店,2120,695,0.0065707095126517154,0.010048289622068647,0.4247806137038401,1.5292548852937342
凄い,9662,3161,0.02994631854303815,0.0457016453170633,0.42272790290637174,1.5261189869259542
違い,2597,848,0.00804911915299835,0.012260359135991673,0.42080855993426086,1.5231926503938766
笑い,13969,4559,0.043295396784071606,0.06591388832663447,0.4203028482909966,1.5224225488767023
無い,69420,22653,0.21515974262654813,0.3275164097967209,0.42015741886086416,1.5222011599316225
満足,2227,726,0.006902344379563854,0.010496486713124946,0.4191794833725346,1.5207132730442232
燗酒,2199,715,0.006815561423736378,0.010337449035653356,0.41656468794435264,1.5167421130783727
開封,2402,778,0.0074447378534855755,0.01124830118844519,0.4127096573435689,1.5109062817005454
甘酸,4276,1383,0.013252997111367328,0.019995373449382646,0.41127719532492857,1.5087435152485067
近く,2677,864,0.008297070455362567,0.01249168666685944,0.40916086108880917,1.5055538860448998
非常,4264,1375,0.013215804416012696,0.01987970968394876,0.40828618006009715,1.5042375823799163
評価,4846,1562,0.015019650140712364,0.02258335020096579,0.4078535648282662,1.503586967032688
辛い,9763,3135,0.03025935706227297,0.045325738079403176,0.4040695796464557,1.4979081672529917
タイプ,6264,2001,0.019414586975118088,0.02893039932915016,0.3988682327182005,1.4901372543349816
欲しい,4288,1369,0.01329018980672196,0.019792961859873347,0.3983002583429171,1.489291134868698
苦手,3072,980,0.009521330010785882,0.014168811265650753,0.3975086132021608,1.488112611326374
馳走,3399,1082,0.010534830959199612,0.01564352427493277,0.395370045515417,1.484933582277555
注意,2108,670,0.006533516817297083,0.00968684035508776,0.3938229385288649,1.4826380073657188
幸せ,2334,740,0.007233979246475992,0.010698898302634242,0.3913515091568203,1.4789782964674905
人気,2881,913,0.008929346276391317,0.013200127230141977,0.3908832813155461,1.478285959750756
抜群,3885,1229,0.012041135121062224,0.017768845964780382,0.389117982569393,1.4756786454210042
最近,5816,1838,0.018026059681878478,0.02657375010843478,0.3881054195073832,1.4741851839728046
意味,3494,1102,0.010829273130757119,0.01593268368851748,0.38611963482396394,1.471260674298235
高い,9560,3013,0.029630180632523772,0.04356186565653645,0.38538866888996043,1.4701856258250572
ギン,7419,2335,0.02299438390300145,0.033759361536014804,0.3840077497185779,1.468156819440081
邪魔,2262,711,0.007010823074348198,0.010279617152936413,0.38270790893228107,1.46624968907693
嬉しい,2541,798,0.0078755532413434,0.0115374606020299,0.3818357499347508,1.464971443715598
キョウト,1485,466,0.004602596050135754,0.006737414336523725,0.38105571869395183,1.4638291657867748
期待,7725,2420,0.023942797634544575,0.03498828904374982,0.3793458531898921,1.4613283534280412
好み,15494,4848,0.04802196848538947,0.07009224185293353,0.3781535323624087,1.459587019517096
通り,7816,2426,0.02422484224098387,0.03507503686782523,0.37011103158648284,1.4478953678585726
種類,2701,838,0.008371455846071832,0.012115779429199317,0.36968088249457337,1.447272690912471
シリーズ,6198,1917,0.019210027150667608,0.02771592979209438,0.366574940503057,1.4427845194966924
ニシキ,26681,8240,0.08269485872974548,0.11913367839690021,0.36508877812209795,1.4406418999546295
間違い,3576,1099,0.01108342321568044,0.015889309776479774,0.3601959539153227,1.4336103085913143
本当,6266,1924,0.01942078575767719,0.02781713558684903,0.3593082955186209,1.4323383169938269
珍しい,2192,671,0.00679386568477951,0.009701298325766996,0.3562396247088817,1.4279496792968824
活性,2091,639,0.006480827165544687,0.009238643264031461,0.3545468907540074,1.4255345850216006
可愛い,1870,571,0.005795861692763541,0.00825550125784345,0.3537356356124841,1.4243785817302899
深み,2122,646,0.00657690829521082,0.009339849058786109,0.3507253204137796,1.4200972006234616
料理,8147,2479,0.02525074075451581,0.03584130931382471,0.3502456275296549,1.4194161534613552
良し,3720,1130,0.011529735559936029,0.016337506867536072,0.3485341002443001,1.4169888617659432
発泡,9103,2747,0.028213758817768192,0.039716045455859814,0.34194551339509105,1.4076835955245999
旨口,3252,981,0.010079220441105367,0.014183269236329989,0.341587124702768,1.4071791880339646
頒布,2016,608,0.006248372819578235,0.00879044617297516,0.3413443885800138,1.4068376562665663
大好き,4576,1376,0.014182814495233136,0.019894167654627995,0.3383956212387612,1.4026953297114937
有名,2205,662,0.006834157771413695,0.009571176589653877,0.3368229038611679,1.4004910202232586
酔い,1933,578,0.005991123343375361,0.008356707052598097,0.3327855252691527,1.3948481067141545
食事,5509,1647,0.0170745465590558,0.023812277708700806,0.33261246851002985,1.3946067397070363
濾過,29768,8889,0.09226267960972465,0.12851690136772403,0.33142070202032275,1.3929456841201275
原酒,36892,10992,0.11434274308525806,0.15892201370615622,0.3292131459116272,1.3898740699937402
名前,2913,867,0.009028526797337002,0.012535060578897146,0.32814035562621346,1.3883838260960149
普通,6508,1933,0.020170838447328945,0.02794725732296215,0.32608114667450866,1.3855277952842349
マイ,2408,713,0.007463334201162891,0.010308533094294884,0.3229697497906904,1.3812235679716274
フクシマ,3569,1056,0.01106172747672357,0.01526761703727265,0.32224287658115264,1.3802199583563455
感謝,2189,647,0.006784567510940851,0.009354307029465344,0.3211863327831437,1.3787624656074995
残念,2691,795,0.008340461933276304,0.011494086689992192,0.3207140997325322,1.37811152211291
生酒,13607,4016,0.04217341714087353,0.05806321024780962,0.3197421519858127,1.3767727204522882
久々,3392,997,0.010513135220242744,0.014414596767197757,0.3156159088551508,1.371103525753465
インパクト,2040,598,0.0063227582102875,0.008645866466182806,0.3129258029174757,1.3674200686838653
ボトル,2563,750,0.007943739849493559,0.010843478009426597,0.31117961597139115,1.3650343811445318
スーパー,3115,909,0.009654603835806647,0.013142295347425035,0.3084007987610313,1.3612464655135161
以前,4563,1329,0.014142522408598951,0.01921464303270393,0.3064866135909489,1.3586432800008168
季節,3327,965,0.010311674787071819,0.01395194170546222,0.30234196112561534,1.353023829160551
刺し身,3689,1067,0.011433654430269896,0.01542665471474424,0.2995356895101838,1.3492321994534942
入手,2060,595,0.006384746035878554,0.0086024925541451,0.298140279567109,1.3473507804075686
普段,2404,693,0.0074509366360446805,0.010019373680710176,0.2961808393399112,1.344713311913084
美人,3014,863,0.009341565316571826,0.012477228696180204,0.2894314477020932,1.3356678750664783
摘み,2381,675,0.007379650636614969,0.009759130208483938,0.27947698019077327,1.322437970174755
朝日,1713,483,0.005309257261873768,0.006983199838070728,0.27405529113355886,1.3152875239664286
写真,2190,617,0.006787666902220404,0.008920567909088281,0.27325233689994755,1.314231832173461
燦々,1710,480,0.0052999590880351095,0.006939825926033022,0.2695775902103373,1.3094112257771922
毎年,2230,624,0.006911642553402512,0.009021773703842929,0.2664336397203693,1.3053009663240798
美味しい,63616,17757,0.1971708756400243,0.2567301853511841,0.26395492914769486,1.3020695095958161
全国,1932,538,0.005988023952095809,0.007778388225428679,0.2615876811944272,1.2989908336465894
栄光,1972,548,0.006111999603277916,0.007922967932221034,0.25951188759054095,1.2962971934703464
ニイガタ,4250,1180,0.013172412938098958,0.017060405401497846,0.258635591346354,1.295161750673146
辛口,29646,8198,0.09188455387361923,0.11852644362837232,0.2546031487955839,1.2899496012289198
晩酌,2283,625,0.007075910291218805,0.009036231674522164,0.24454613901171213,1.2770415823015897
投稿,2353,643,0.007292867680787493,0.009296475146748402,0.24273847131536302,1.2747352007001664
最高,8318,2272,0.025780736663319325,0.03284850938322297,0.24227879534329108,1.274149370214065
ホッカイドウ,1611,432,0.004993119351359393,0.00624584333342972,0.2238553408722421,1.2508900536754182
安い,2605,698,0.008073914283234772,0.010091663534106354,0.2230712843800115,1.2499096695962422
スパ,3945,1057,0.012227098597835386,0.015282075007951883,0.2230258883953689,1.2498529300039611
純米,136744,36513,0.4238231611311538,0.5279038834109244,0.21959793271166878,1.2455758246009647
久しい,6501,1734,0.020149142708372075,0.025070121157794292,0.21851500294112455,1.2442276835618185
貯蔵,2380,633,0.007376551245335416,0.009151895439956047,0.2156547912837619,1.2406740135836887
地元,4559,1207,0.014130124843480741,0.017450770609837202,0.2110747766891962,1.2350047011713785
雄町,13288,3503,0.04118471132269622,0.050646271289361826,0.20679850770946215,1.2297347647414854
チヨ,2970,771,0.009205192100271507,0.011147095393690541,0.19141127757169016,1.2109573892935659
アル添,2797,722,0.00866899740890889,0.010438654830408003,0.18576258149597244,1.2041363421888307
新酒,5638,1453,0.017474368034118098,0.02100743139692913,0.18414112770133126,1.2021854727972334
絞り,3892,995,0.012062830860019092,0.014385680825839285,0.17610442965780312,1.1925625910514106
中取り,2934,748,0.009093614014207609,0.010814562068068126,0.17332115507665627,1.1892479767858801
吟醸,96255,24473,0.2983319076133447,0.3538299164329295,0.17060968497538245,1.1860277342224934
タカ,1743,439,0.005402239000260349,0.006347049128184368,0.16117650336025652,1.1748923229569233
搾り立て,6740,1697,0.02088989722418517,0.02453517624266258,0.16084219713297968,1.1744996147830304
旅行,1931,479,0.005984924560816255,0.0069253679553537865,0.145947450787507,1.1571353799001385
スパークリング,2625,636,0.008135902108825827,0.009195269351993754,0.12240252411950406,1.1302089465922562
磨き,2443,589,0.007571812895947236,0.008515744730069687,0.1174842481989522,1.1246639143219828
地酒,3941,949,0.012214701032717174,0.013720614174594454,0.1162591572200303,1.1232869423364256
居酒屋,2540,611,0.007872453850063847,0.008833820085012867,0.11521773496411916,1.1221177352397211
記憶,2331,552,0.007224681072637334,0.007980799814937975,0.09953554304644421,1.1046577329433067
甘め,4550,1068,0.014102230321964766,0.015441112685423475,0.09070064338025029,1.0949411783023675
試飲,2809,659,0.008706190104263522,0.00952780267761617,0.09017984320336977,1.094371081209253
自慢,1491,349,0.0046211923978130695,0.005045831767053177,0.08790974324279498,1.0918895671690847
上手,1674,388,0.005188381001971213,0.00560969262354336,0.07807422437895892,1.081202907306167
未来,2336,534,0.007240178029035097,0.007720556342711737,0.06424063081718336,1.0663489643141635
安定,4295,951,0.01331188554567883,0.013749530115952925,0.032347363932140556,1.032876226945638
土産,2074,453,0.006428137513792291,0.006549460717693665,0.018697872498667445,1.0188737723237968
トウキョウ,3283,667,0.0101753015707715,0.009643466443050053,-0.05368273578086291,0.9477327404969361
黒竜,1373,267,0.004255464226825851,0.0038602781713558687,-0.09746461156261536,0.907134443058225
セット,2317,395,0.007181289594723596,0.005710898418298008,-0.22910262372614815,0.7952469181153831
飲み比べ,5648,912,0.017505361946913624,0.013185669259462742,-0.2833766532936405,0.7532360255931475
備忘,6780,966,0.021013872875367278,0.013966399676141456,-0.4085284109168172,0.664627589544098
